{
    "Dataset": "original_text",
    "Embedding": "original text",
    "Note": "-",
    "Total Queries": 100,
    "Avg MRR@1": 0.94,
    "Max MRR@1": 1.0,
    "Min MRR@1": 0.0,
    "Avg MRR@3": 0.9533333333333335,
    "Max MRR@3": 1.0,
    "Min MRR@3": 0.0,
    "Avg MRR@5": 0.9573333333333334,
    "Max MRR@5": 1.0,
    "Min MRR@5": 0.0,
    "Avg MRR@10": 0.9573333333333334,
    "Max MRR@10": 1.0,
    "Min MRR@10": 0.0
}